Exp. RT (min),MW,Mass,Peak Area,Signal,Vial
min,Da,mg,nRU mg/mL, nRU,-,-
19.699,,,-239.70765348878805,RID,V0
9.589,6085000.0,0.4,2092.6557300007516,RID,PS-H_Red
11.633,474500.0,0.8,4314.264987476811,RID,PS-H_Red
14.324,20140.0,1.2,6564.852846148648,RID,PS-H_Red
16.749,1180.0,1.6,7992.017522925326,RID,PS-H_Red
