Exp. RT (min),MW,Mass,Peak Area,Signal,Vial
min,Da,mg,nRU mg/mL, nRU,-,-
19.699,,,-303.09172444528724,RID,V0
10.072,2811000.0,0.4,1832.2649197394985,RID,PS-H_White
12.426,182200.0,0.8,3878.6572099546156,RID,PS-H_White
14.836,11140.0,1.2,6077.86237003268,RID,PS-H_White
17.302,580.0,1.6,6621.67020401987,RID,PS-H_White
