Exp. RT (min),MW,Mass,Peak Area,Signal,Vial
min,Da,mg,nRU mg/mL, nRU,-,-
19.699,,,383.7514606998219,RID,V0
11.012,935000.0,0.4,2232.3840276163414,RID,PS-H_Blue
13.304,66600.0,0.8,4585.174171264316,RID,PS-H_Blue
15.515,4950.0,1.2,6774.237204907962,RID,PS-H_Blue
18.59,162.0,1.6,2282.2516002556413,RID,PS-H_Blue
