Exp. RT (min),MW,Mass,Peak Area,Signal,Vial
min,Da,mg,nRU mg/mL, nRU,-,-
19.699,,,76.50682263762529,RID,V0
13.058,87200.0,0.4,2529.966445150233,RID,PS-M_Blue
14.797,11720.0,0.8,5274.00505284752,RID,PS-M_Blue
16.74,1180.0,1.2,7127.858158362777,RID,PS-M_Blue
18.594,162.0,1.6,2056.9156771665857,RID,PS-M_Blue
