Exp. RT (min),MW,Mass,Peak Area,Signal,Vial
min,Da,mg,nRU mg/mL, nRU,-,-
19.699,,,226.72856363129085,RID,V0
11.827,365000.0,0.4,2013.9288249176802,RID,PS-M_Red
13.536,50700.0,0.8,4216.352908318159,RID,PS-M_Red
15.23,6920.0,1.2,6347.152905266909,RID,PS-M_Red
16.964,935.0,1.6,7877.163949880031,RID,PS-M_Red
