Exp. RT (min),MW,Mass,Peak Area,Signal,Vial
min,Da,mg,nRU mg/mL, nRU,-,-
19.699,,,60.10804345291962,RID,V0
12.416,182200.0,0.4,1997.1164396617785,RID,PS-M_White
14.089,26390.0,0.8,4207.302446439951,RID,PS-M_White
15.86,3260.0,1.2,6327.1047831588685,RID,PS-M_White
17.706,370.0,1.6,6121.2424622722165,RID,PS-M_White
